name,tvId,userId,rating
Rick and Morty,60625,adishake,9.0
Rick and Morty,60625,GenerationofSwine,10.0
Grey's Anatomy,1416,retratodeumajovememchamas,1.0
Grey's Anatomy,1416,GenerationofSwine,1.0
The Simpsons,456,Thomaxz,10.0
The Simpsons,456,dgood826,
The Simpsons,456,MovieGuys,
The Simpsons,456,AdamRife,
The Simpsons,456,GenerationofSwine,5.0
Invincible,95557,ChrisSawin,10.0
Loki,84958,mohammadsi20,10.0
Loki,84958,msbreviews,8.0
Loki,84958,TitanGusang,9.0
Loki,84958,MonsterMartha,6.0
Loki,84958,PhilTheBronxite,10.0
Loki,84958,Ditendra,
Doctor Who,57243,pjgs,10.0
Doctor Who,57243,MovieGuys,
Doctor Who,57243,ViscerusMorscer,7.0
Doctor Who,57243,Intergalacticified,
Supernatural,1622,MovieGuys,
Supernatural,1622,Fox.red,
Supernatural,1622,fkbud66,7.0
Doctor Who,57243,pjgs,10.0
Doctor Who,57243,MovieGuys,
Doctor Who,57243,ViscerusMorscer,7.0
Doctor Who,57243,Intergalacticified,
Wednesday,119051,UtileDulci,1.0
Wednesday,119051,nrichardson85,9.0
Wednesday,119051,ProPriyam,4.0
Wednesday,119051,astrobestastrologer,
Wednesday,119051,Crazypiglady,5.0
Midsomer Murders,764,narrator56,7.0
Friends,1668,Peter89Spencer,8.0
Castle,1419,PolyWogg,
Castle,1419,Arcanum101,8.0
Yellowstone,73586,nickmista,3.0
House,1408,Ibraheem...,7.0
House,1408,Arcanum101,8.0
The Good Doctor,71712,drtvnut89,10.0
The Good Doctor,71712,f117qaz,
The Good Doctor,71712,hunghm99,10.0
The Good Doctor,71712,Ditendra,4.0
The Good Doctor,71712,JustEntertainment,3.0
Star Trek,253,StoneMonkeyMark,7.0
Star Trek,253,Peter89Spencer,8.0
Star Trek,253,goththug,
Star Trek,253,GenerationofSwine,10.0
Lucifer,63174,Rangan,
Lucifer,63174,Godhand,
Lucifer,63174,DallasBob,2.0
Lucifer,63174,Dragonella,10.0
Lucifer,63174,DracoLabs,
The Flash,60735,Tanasia,
The Flash,60735,BruhDev,6.0
The Flash,60735,ddnnacheta,6.0
The Rookie,79744,superbro,10.0
The Blacklist,46952,TWDs,9.0
The Blacklist,46952,suspectedowl,10.0
The Sopranos,1398,GenerationofSwine,10.0
Columbo,873,GenerationofSwine,10.0
NCIS,4614,drystyx,1.0
The Mentalist,5920,Arcanum101,9.0
Vikings,44217,MovieGuys,
Vikings,44217,rspen46,10.0
Peaky Blinders,60574,rsanek,10.0
Peaky Blinders,60574,tmdb83536887,7.0
Peaky Blinders,60574,Idontcarelol77,1.0
The Vampire Diaries,18165,Ditendra,4.0
The Vampire Diaries,18165,gnawbone,5.0
SPY x FAMILY,120089,tmdb47322441,1.0
SPY x FAMILY,120089,bcorrel2,10.0
SPY x FAMILY,120089,Agterbosch,10.0
SPY x FAMILY,120089,yukiitachi,9.0
The Walking Dead,1402,tmdb38541732,6.0
The Walking Dead,1402,lukan87,10.0
The Walking Dead,1402,benefits247,1.0
The Walking Dead,1402,mattgibs0nn,10.0
The Walking Dead,1402,MovieGuys,
The Walking Dead,1402,lynalouisa,10.0
The Walking Dead,1402,Ditendra,4.0
The Walking Dead,1402,r96sk,10.0
The Walking Dead,1402,FolioSwami,10.0
The Walking Dead,1402,SilkyChrissy,
American Horror Story,1413,Bertaut,8.0
American Horror Story,1413,Bertaut,8.0
Fear the Walking Dead,62286,Ditendra,6.0
Fear the Walking Dead,62286,dnice516,
Shameless,34307,GHeart,10.0
Squid Game,93405,oppai69,
Squid Game,93405,Hachado,7.0
Malcolm in the Middle,2004,Thomaxz,9.0
Breaking Bad,1396,slyone10001,10.0
Breaking Bad,1396,Ditendra,10.0
Breaking Bad,1396,l33t5p34k3r,9.0
Breaking Bad,1396,drystyx,3.0
Chucky,90462,ninoblacque,8.0
Futurama,615,adishake,8.0
Futurama,615,AdamRife,
Futurama,615,michaelck,10.0
Futurama,615,movielover321,
Futurama,615,MovieGuys,4.0
Gen V,205715,MovieGuys,1.0
Gen V,205715,TwoZPlex,10.0
Gen V,205715,IndecentLouie,6.0
Futurama,615,adishake,8.0
Futurama,615,AdamRife,
Futurama,615,michaelck,10.0
Futurama,615,movielover321,
Futurama,615,MovieGuys,4.0
Gen V,205715,MovieGuys,1.0
Gen V,205715,TwoZPlex,10.0
Gen V,205715,IndecentLouie,6.0
Stranger Things,66732,Ditendra,9.0
Stranger Things,66732,msbreviews,8.0
Stranger Things,66732,MovieGuys,8.0
Stranger Things,66732,GenerationofSwine,10.0
Stranger Things,66732,JN2012,
The Boys,76479,YouShouldKnow,6.0
The Boys,76479,Lenny_H,8.0
The Boys,76479,josalarcon2,9.0
The Boys,76479,JustEntertainment,6.0
The Boys,76479,GenerationofSwine,8.0
Young Sheldon,71728,drystyx,7.0
Two and a Half Men,2691,Ibraheem...,6.0
Richard Osman's House of Games,103960,teabow,5.0
Richard Osman's House of Games,103960,teabow,5.0
Richard Osman's House of Games,103960,teabow,5.0
Star Trek: Voyager,1855,H2Obsession,8.0
Star Trek: Voyager,1855,GenerationofSwine,7.0
Star Trek: Voyager,1855,Arcanum101,10.0
Seinfeld,1400,tmdb81799156,10.0
South Park,2190,GenerationofSwine,10.0
South Park,2190,smirno,
Smallville,4604,Olmo,6.0
The Office,2316,jsayer7,
Arrow,1412,MovieGuys,
Arrow,1412,Peter89Spencer,10.0
Arrow,1412,misubisu,7.0
Arrow,1412,GenerationofSwine,1.0
Buffy the Vampire Slayer,95,Joeisacoolguy,9.0
Buffy the Vampire Slayer,95,GenerationofSwine,10.0
Sons of Anarchy,1409,Ditendra,10.0
Sons of Anarchy,1409,FolioSwami,1.0
Monk,1695,ShadowJRJ,8.0
The Walking Dead: Daryl Dixon,211684,DANEO,
The Walking Dead: Daryl Dixon,211684,MovieGuys,4.0
9-1-1,75219,cortneyhow,7.0
9-1-1,75219,GenerationofSwine,1.0
9-1-1,75219,Chioveanu,10.0
9-1-1,75219,Ditendra,8.0
Dexter,1405,VanVliet,10.0
Dexter,1405,LovingStory,8.0
Dexter,1405,willhess17,10.0
Euphoria,85552,tmdb15214618,8.0
Euphoria,85552,prettyjoanna,
Euphoria,85552,Contributing-Jim,10.0
Cheers,141,Peter89Spencer,8.0
Stargate SG-1,4629,GenerationofSwine,10.0
Psych,1447,showlover1233,10.0
Psych,1447,GenerationofSwine,10.0
M*A*S*H,918,Peter89Spencer,9.0
M*A*S*H,918,drystyx,4.0
The Railway Men - The Untold Story of Bhopal 1984,213895,Ditendra,10.0
The Witcher,71912,Mark Rushow,8.0
The Witcher,71912,Sushrut,7.0
The Witcher,71912,CyberManX,8.0
The Witcher,71912,Donzauker99,
The Witcher,71912,Ditendra,1.0
The Witcher,71912,Peter89Spencer,9.0
The Witcher,71912,Hachado,7.0
The Witcher,71912,Hachado,7.0
The Witcher,71912,Avishka_4500,6.0
The Witcher,71912,Zugifilmofil,6.0
The Witcher,71912,moviemovement,2.0
The Witcher,71912,Ditendra,1.0
The Witcher,71912,sirdorius,4.0
Bleach,30984,YouShouldKnow,7.0
House of the Dragon,94997,Zugifilmofil,5.0
24,1973,Arcanum101,8.0
Black Mirror,42009,MovieGuys,
Marvel's Agents of S.H.I.E.L.D.,1403,teabow,7.0
Marvel's Agents of S.H.I.E.L.D.,1403,Skarfrael,9.0
Lost,4607,BudLightYear,10.0
Spartacus,46296,Peter89Spencer,8.0
Star Trek: Deep Space Nine,580,GenerationofSwine,7.0
From,124364,AhmadZQ,7.0
From,124364,SenkaM,10.0
From,124364,StudiedAsleep,
From,124364,Chioveanu,10.0
Fringe,1705,Arcanum101,7.0
Frasier,3452,Peter89Spencer,8.0
Criminal Code,235924,MovieGuys,8.0
Hawaii Five-0,32798,Peter89Spencer,9.0
Elite,76669,Ditendra,1.0
Gilmore Girls,4586,narrator56,8.0
Gilmore Girls,4586,Arcanum101,8.0
"Magnum, P.I.",734,Peter89Spencer,9.0
"Magnum, P.I.",734,GenerationofSwine,10.0
Sex Education,81356,DallasBob,
Sex Education,81356,SeanDillon,8.0
Sex Education,81356,GenerationofSwine,1.0
Outlander,56570,Ahstaroth,
Outlander,56570,misubisu,5.0
Outlander,56570,Ditendra,10.0
Outlander,56570,Ahstaroth,
Outlander,56570,misubisu,5.0
Outlander,56570,Ditendra,10.0
Bosch,60585,narrator56,9.0
Orange Is the New Black,1424,Crazypiglady,10.0
Cobra Kai,77169,garyturnbullsr,
Cobra Kai,77169,ComputerBlue,9.0
Cobra Kai,77169,polymimetic_alloy,4.0
Cobra Kai,77169,Peter89Spencer,9.0
Cobra Kai,77169,MovieGuys,5.0
Cobra Kai,77169,GenerationofSwine,10.0
Grimm,39351,GenerationofSwine,10.0
The 100,48866,FlanneryMiko,
The 100,48866,lindseyk09,8.0
The 100,48866,sirdorius,4.0
Riverdale,69050,TrentTX,10.0
Riverdale,69050,wan_,5.0
Riverdale,69050,tmdbsom,4.0
Six Feet Under,1274,spleemail,
Six Feet Under,1274,misubisu,4.0
The Continental: From the World of John Wick,72710,MovieGuys,4.0
The Continental: From the World of John Wick,72710,shinemon,8.0
Scorpion,60797,Peter89Spencer,8.0
Murdoch Mysteries,12786,MovieGuys,6.0
Murdoch Mysteries,12786,Washingtonstomcat,6.0
Supergirl,62688,ConleyCreations,6.0
Battlestar Galactica,1972,benefits247,9.0
Battlestar Galactica,1972,zag2me,10.0
Battlestar Galactica,1972,GenerationofSwine,10.0
Battlestar Galactica,1972,Arcanum101,6.0
Batman: The Animated Series,2098,GenerationofSwine,10.0
The Mandalorian,82856,avidrunner,
The Mandalorian,82856,Peter89Spencer,10.0
The Mandalorian,82856,msbreviews,9.0
The Mandalorian,82856,Liam1125,
The Mandalorian,82856,GenerationofSwine,
The Last of Us,100088,JacobMars,1.0
The Last of Us,100088,msbreviews,8.0
The Last of Us,100088,moviegoer229,9.0
The Last of Us,100088,MovieGuys,1.0
The Last of Us,100088,GenerationofSwine,1.0
The Last of Us,100088,cineast78,5.0
The Last of Us,100088,lesgrossman,8.0
The Last of Us,100088,Endee,8.0
The Last of Us,100088,RSOliveira,9.0
The Last of Us,100088,PhilTheBronxite,10.0
The Last of Us,100088,Crazypiglady,6.0
The Last of Us,100088,rsanek,8.0
The Last of Us,100088,RileyXX,8.0
The Last of Us,100088,Ditendra,7.0
The Wire,1438,tmdb40011370,10.0
The Wire,1438,Mr.Charlie,
Justified,1436,GenerationofSwine,10.0
Justified,1436,fdweir,
Titans,75450,GenerationofSwine,1.0
Titans,75450,misubisu,5.0
Person of Interest,1411,AKJETJ,10.0
Person of Interest,1411,Arcanum101,7.0
Bob's Burgers,32726,nicolefun,10.0
Billions,62852,DANEO,
Brooklyn Nine-Nine,48891,FolioSwami,2.0
The Last Kingdom,63333,seven_houses7,9.0
The Last Kingdom,63333,Ditendra,10.0
The Last Kingdom,63333,damagedone666,8.0
The Last Kingdom,63333,rspen46,
The Last Kingdom,63333,swiewior,2.0
"Murder, She Wrote",484,Peter89Spencer,9.0
The Good Wife,1435,narrator56,8.0
The Wheel of Time,71914,Burt_,4.0
Top Gear,45,Peter89Spencer,9.0
Top Gear,45,ViscerusMorscer,9.0
The Late Show with Stephen Colbert,63770,PresidentPutin,2.0
The Big Bang Theory,1418,ComputerBlue,6.0
The Big Bang Theory,1418,narrator56,10.0
Spider-Man,888,GenerationofSwine,10.0
BoJack Horseman,61222,Radu Savutiu,
The West Wing,688,tmdb40011370,8.0
The West Wing,688,narrator56,10.0
The West Wing,688,Geronimo1967,
The West Wing,688,Horseface,1.0
The Owl House,92685,6xXAwbi,7.0
Once Upon a Time,39272,Oldnewbie,
Once Upon a Time,39272,GenerationofSwine,2.0
Special Ops: Lioness,113962,MovieGuys,2.0
The Lord of the Rings: The Rings of Power,84773,Pentican,1.0
The Lord of the Rings: The Rings of Power,84773,MovieGuys,3.0
The Lord of the Rings: The Rings of Power,84773,kaycee2000,10.0
The Lord of the Rings: The Rings of Power,84773,gregraven,
The Lord of the Rings: The Rings of Power,84773,Adson68,1.0
The Lord of the Rings: The Rings of Power,84773,DrJiggles,
The Lord of the Rings: The Rings of Power,84773,Ditendra,1.0
The Lord of the Rings: The Rings of Power,84773,Gareth321,1.0
The Lord of the Rings: The Rings of Power,84773,DavePortsmouth,1.0
The Lord of the Rings: The Rings of Power,84773,GenerationofSwine,1.0
The Lord of the Rings: The Rings of Power,84773,drystyx,2.0
The Lord of the Rings: The Rings of Power,84773,DEPARTGR,7.0
Westworld,63247,Charles Dance,3.0
Westworld,63247,CharlesTheBold,
Westworld,63247,Ditendra,4.0
Westworld,63247,msbreviews,
Westworld,63247,msbreviews,
Westworld,63247,Peter89Spencer,8.0
Westworld,63247,GenerationofSwine,1.0
Westworld,63247,Arcanum101,6.0
Westworld,63247,harikri5hnan,
Ray Donovan,1423,Kewl_Kat,
Glee,1417,Joeisacoolguy,9.0
Glee,1417,samueldamas,
This Is Us,67136,Chrisman28,7.0
The Walking Dead: Dead City,194583,MovieGuys,5.0
Dora the Explorer,79,SoSmooth1982,4.0
All of Us Are Dead,99966,tienhoangvo,
New Girl,1420,rsanek,9.0
New Girl,1420,GenerationofSwine,10.0
iCarly,5371,CarlosG323,10.0
iCarly,5371,CharlesTatum,8.0
Knight Rider,2384,GenerationofSwine,10.0
What We Do in the Shadows,83631,MovieGuys,6.0
Tulsa King,153312,MovieGuys,6.0
Gintama,57041,TheBlah,10.0
DC's Legends of Tomorrow,62643,Tanasia,10.0
DC's Legends of Tomorrow,62643,misubisu,8.0
Weeds,186,CatEllington,1.0
Weeds,186,mahanna,
Hey Arnold!,537,Slimonite,8.0
See,80752,ddnnacheta,9.0
Reacher,108978,charles338,
Everybody Loves Raymond,2140,Peter89Spencer,8.0
Twin Peaks,1920,SteveMcQueen36,10.0
Cold Case,2171,drystyx,8.0
Invasion,127235,joenepraat,8.0
Invasion,127235,MovieGuys,3.0
Invasion,127235,jakeybob,3.0
Invasion,127235,EarthAndGravity,1.0
Tom Clancy's Jack Ryan,73375,hdreport,6.0
Tom Clancy's Jack Ryan,73375,Splinter,
Tom Clancy's Jack Ryan,73375,GenerationofSwine,1.0
Magnum P.I.,79593,Peter89Spencer,7.0
Magnum P.I.,79593,GenerationofSwine,1.0
The Expanse,63639,YouShouldKnow,4.0
The Expanse,63639,Ditendra,1.0
The Expanse,63639,YetAnotherMovieWatcher,10.0
Avatar: The Last Airbender,246,The_1st_Avatar,10.0
White Collar,21510,sammystarbuck,10.0
White Collar,21510,Arcanum101,9.0
Manifest,79696,YouShouldKnow,5.0
Ted Lasso,97546,TopCatUK,9.0
Ted Lasso,97546,willhess17,9.0
Ted Lasso,97546,staino,10.0
Secret Invasion,114472,MovieGuys,5.0
Secret Invasion,114472,StudiedAsleep,
Perry Mason,4177,drystyx,8.0
Young Justice,33217,DallasBob,1.0
The Fall of the House of Usher,157065,MatthewSimpson,
The Fall of the House of Usher,157065,MovieGuys,4.0
House of Cards,1425,zag2me,10.0
House of Cards,1425,tmdb15214618,6.0
House of Cards,1425,mvs56536,
House of Cards,1425,bearlover_phil,1.0
The Handmaid's Tale,69478,Rangan,
The Handmaid's Tale,69478,SneekyNuts,
The Handmaid's Tale,69478,MovieGuys,8.0
The Handmaid's Tale,69478,Peter89Spencer,
The Handmaid's Tale,69478,GenerationofSwine,1.0
Banshee,41727,Christian Stefaner-Schmid,10.0
Superstore,62649,Rangan,
The Resident,74016,Ditendra,10.0
Beacon 23,112388,MovieGuys,6.0
Chainsaw Man,114410,Thickness7541,9.0
You,78191,Kewl_Kat,8.0
You,78191,Ditendra,9.0
You,78191,Ditendra,9.0
You,78191,iieeef,2.0
You,78191,Fullmakt,8.0
You,78191,mortenFriendspire,
You,78191,osdanr99,10.0
You,78191,acuvox,7.0
Saturday Night Live,1667,GenerationofSwine,1.0
Angel,2426,GenerationofSwine,10.0
The Sinner,39852,gcsantiago,8.0
Star Trek: Discovery,67198,Larp,9.0
Star Trek: Discovery,67198,ConradM,
Star Trek: Discovery,67198,benefits247,1.0
Star Trek: Discovery,67198,MovieGuys,
Star Trek: Discovery,67198,Thespear,
Star Trek: Discovery,67198,polkabike,2.0
Star Trek: Discovery,67198,YouShouldKnow,5.0
Star Trek: Discovery,67198,GenerationofSwine,1.0
Ozark,69740,SudeeraSJ,10.0
Doom Patrol,79501,emmit,8.0
Doom Patrol,79501,Avaya,
Doom Patrol,79501,MovieGuys,
Doom Patrol,79501,mfrencken,8.0
Xena: Warrior Princess,4616,CharlesTheBold,
Xena: Warrior Princess,4616,GenerationofSwine,10.0
Dark,70523,ausher8,9.0
Dark,70523,Ditendra,4.0
Dark,70523,JDP185,10.0
Dark,70523,ausher8,9.0
Dark,70523,Ditendra,4.0
Dark,70523,JDP185,10.0
The Loud House,68073,FolioSwami,2.0
NYPD Blue,194,Bazzjazz,10.0
RuPaul's Drag Race,8514,GenerationofSwine,1.0
Hell's Kitchen,2370,deemether,
Miami Vice,1908,GenerationofSwine,10.0
Halo,52814,moviegoer229,2.0
Halo,52814,kaycee2000,8.0
Halo,52814,MonsterMartha,7.0
Marvel's Daredevil,61889,Peter89Spencer,9.0
Marvel's Daredevil,61889,PhilTheBronxite,10.0
Mr. Robot,62560,Bazzjazz,9.0
The Good Fight,69158,narrator56,9.0
True Detective,46648,the_blueeyes,10.0
True Detective,46648,shiri4frnz,10.0
True Detective,46648,Tommy1178,
True Detective,46648,Bertaut,7.0
True Detective,46648,narrator56,8.0
Aqua Teen Hunger Force,251,willhess17,
Silo,125988,MovieGuys,8.0
Silo,125988,ddnnacheta,10.0
Home Improvement,1558,GenerationofSwine,10.0
Foundation,93740,tmdb38460918,2.0
The Uncanny Counter,113268,YourOnlyOne,9.0
The Uncanny Counter,113268,militades,4.0
The Uncanny Counter,113268,Niranjan1720,7.0
The Peripheral,95403,MovieGuys,5.0
The Peripheral,95403,ddnnacheta,9.0
Star Trek: Picard,85949,Peter89Spencer,9.0
Star Trek: Picard,85949,quasar1967,2.0
Star Trek: Picard,85949,mcse2000ca,4.0
Star Trek: Picard,85949,Ky6uk,5.0
Star Trek: Picard,85949,grothag,1.0
Family,25778,TheMelancholicAlcoholic,
The Ren & Stimpy Show,504,Star Lord,8.0
The Ren & Stimpy Show,504,danny700,
The Ren & Stimpy Show,504,misubisu,10.0
Hawkeye,88329,TitanGusang,8.0
The Orville,71738,Chrisman28,7.0
The Orville,71738,larz9,4.0
The Orville,71738,YouShouldKnow,7.0
The Orville,71738,FolioSwami,2.0
The Orville,71738,hwelty,
The Orville,71738,MovieGuys,5.0
The Orville,71738,misubisu,9.0
BAKI,80623,hobowarz,3.0
BAKI,80623,Peter89Spencer,4.0
Sherlock,19885,Ibraheem...,9.0
Shadowhunters,63210,KarmaKing,10.0
Ghosts,17174,MovieGuys,
Ghosts,17174,Timefox881,4.0
Ghosts,17174,ItzHyper,10.0
Ghosts,17174,GenerationofSwine,10.0
Last Week Tonight with John Oliver,60694,narrator56,8.0
Last Week Tonight with John Oliver,60694,tournelhenry,3.0
iZombie,60866,Bronson881,
iZombie,60866,Dragonella,10.0
The Rising of the Shield Hero,83095,DallasBob,9.0
Hogan's Heroes,4068,drystyx,4.0
Hogan's Heroes,4068,drystyx,4.0
Warrior,73544,tli,2.0
Warrior,73544,Peter89Spencer,7.0
Warrior,73544,MovieGuys,6.0
Zoey 101,1778,stacey_dillsen,10.0
Haven,33001,GenerationofSwine,10.0
The Twilight Zone,1918,GenerationofSwine,10.0
Warehouse 13,15819,GenerationofSwine,10.0
Warehouse 13,15819,Arcanum101,8.0
Ballers,62704,Peter89Spencer,9.0
La Brea,128839,ChrisMcKay,4.0
La Brea,128839,kidde122,
La Brea,128839,joenepraat,5.0
Eureka,4620,GenerationofSwine,10.0
Eureka,4620,Arcanum101,4.0
The Night Agent,129552,samwell,5.0
The Thundermans,58981,Bronson881,
Wrong Side of the Tracks,128015,scott.amanda36@gmail.com,
Victorious,31251,stacey_dillsen,10.0
Monster,30981,NiKKtor,10.0
Longmire,43901,GenerationofSwine,10.0
Scooby-Doo! Mystery Incorporated,18123,Slimonite,8.0
The Umbrella Academy,75006,tmdb18521318,
The Umbrella Academy,75006,DallasBob,8.0
The Umbrella Academy,75006,STU623,
The Umbrella Academy,75006,Contributing-Jim,
Marvel's The Punisher,67178,GenerationofSwine,1.0
Monogatari,46195,TheBlah,4.0
Band of Brothers,4613,avivg,10.0
Band of Brothers,4613,SierraKiloBravo,10.0
Band of Brothers,4613,GenerationofSwine,10.0
Band of Brothers,4613,Arcanum101,9.0
Lupin the Third,31572,Slimonite,
Lupin the Third,31572,Slimonite,
Lupin the Third,31572,Slimonite,
Hudson & Rex,87940,Arcanum101,8.0
Hudson & Rex,87940,Arcanum101,8.0
Re:ZERO -Starting Life in Another World-,65942,TheBlah,7.0
Re:ZERO -Starting Life in Another World-,65942,ParticularSecret10,
Hannibal,40008,JafarShaik,4.0
His Dark Materials,68507,Symphonia,
His Dark Materials,68507,msbreviews,7.0
His Dark Materials,68507,r96sk,7.0
His Dark Materials,68507,msbreviews,7.0
His Dark Materials,68507,Lou44,10.0
His Dark Materials,68507,tmdb71552640,10.0
Tokyo Ghoul,61374,YouShouldKnow,5.0
Charlie's Angels,3382,GenerationofSwine,10.0
Moon Knight,92749,RedPanda00767,8.0
Moon Knight,92749,movielover321,10.0
Moon Knight,92749,Agterbosch,6.0
Moon Knight,92749,TitanGusang,8.0
Moon Knight,92749,MonsterMartha,9.0
Moon Knight,92749,MonsterMartha,9.0
Moon Knight,92749,robbiegrawey,
One-Punch Man,63926,purplecandy,
One-Punch Man,63926,glennposadas,
Only Murders in the Building,107113,teabow,9.0
Only Murders in the Building,107113,SeanDillon,4.0
Only Murders in the Building,107113,tee.dias23@gmail.com,
"Girlfriend, Girlfriend",113137,TheEnrichtifyer,7.0
Quantico,62816,VanVliet,2.0
Quantico,62816,tournelhenry,1.0
black-ish,61381,cortneyhow,8.0
Starsky & Hutch,1532,Arcanum101,9.0
Heartstopper,124834,Manoloz_33,
Heartstopper,124834,lovebombing4him,
The Fresh Prince of Bel-Air,1892,Peter89Spencer,8.0
Big Mouth,74204,DallasBob,5.0
Big Mouth,74204,GenerationofSwine,10.0
Anne with an E,70785,Olivergbyrne,
The Tudors,2942,Geronimo1967,
Dragon Ball Super,62715,msbreviews,8.0
Dragon Ball Super,62715,Peter89Spencer,9.0
Dragon Ball Super,62715,Agterbosch,6.0
Marvel's Jessica Jones,38472,atomicplaygirl,6.0
Marvel's Jessica Jones,38472,Peter89Spencer,8.0
T. J. Hooker,1059,GenerationofSwine,10.0
Chernobyl,87108,narrator56,10.0
Chernobyl,87108,Bertaut,9.0
Chernobyl,87108,rsanek,4.0
Chernobyl,87108,moatasem159,10.0
The King's Affection,129478,ParkMin,2.0
Bosch: Legacy,153657,narrator56,9.0
Money Heist,71446,krapfikra,10.0
Money Heist,71446,moustaphamahmoud,
Money Heist,71446,MovieJoe13,10.0
Money Heist,71446,ChboleFO,6.0
Money Heist,71446,Ditendra,4.0
Van Helsing,65820,YouShouldKnow,3.0
Van Helsing,65820,misubisu,10.0
Inside Job,97727,FolioSwami,2.0
Inside Job,97727,jithindurden,7.0
Arcane,94605,FolioSwami,4.0
Arcane,94605,JustcallmeT,10.0
Arcane,94605,MGenth,10.0
Trollhunters: Tales of Arcadia,68267,Rangan,10.0
Trollhunters: Tales of Arcadia,68267,Rangan,10.0
Trollhunters: Tales of Arcadia,68267,Peter89Spencer,9.0
Sleepy Hollow,50825,GenerationofSwine,10.0
Sleepy Hollow,50825,GenerationofSwine,10.0
Airwolf,2119,GenerationofSwine,10.0
The Six Million Dollar Man,1663,GenerationofSwine,10.0
Dahmer – Monster: The Jeffrey Dahmer Story,113988,Ditendra,9.0
Dahmer – Monster: The Jeffrey Dahmer Story,113988,tensharpe,8.0
Fresh Off the Boat,61692,Peter89Spencer,9.0
Sliders,1649,GenerationofSwine,10.0
The View,2221,GenerationofSwine,1.0
WandaVision,85271,msbreviews,9.0
WandaVision,85271,msbreviews,9.0
WandaVision,85271,sykobanana,4.0
WandaVision,85271,STMC,6.0
WandaVision,85271,TitanGusang,8.0
WandaVision,85271,MonsterMartha,8.0
Bodies,233629,Erick.Malinowski,1.0
She-Hulk: Attorney at Law,92783,O-Nad,3.0
She-Hulk: Attorney at Law,92783,TitanGusang,6.0
She-Hulk: Attorney at Law,92783,GenerationofSwine,1.0
1883,118357,narrator56,7.0
SHAMAN KING,104699,Peter89Spencer,5.0
SHAMAN KING,104699,Neoro12,
SHAMAN KING,104699,Peter89Spencer,5.0
SHAMAN KING,104699,Neoro12,
13 Reasons Why,66788,Rangan,
13 Reasons Why,66788,Kewl_Kat,6.0
13 Reasons Why,66788,MacArthurParker,5.0
13 Reasons Why,66788,GenerationofSwine,1.0
The O.C.,2673,izuokafor,10.0
Good Omens,71915,r96sk,3.0
Good Omens,71915,GenerationofSwine,1.0
Good Omens,71915,MovieGuys,4.0
Demon Slayer: Kimetsu no Yaiba,85937,jaipaljadeja,10.0
Hijack,198102,MovieGuys,6.0
Alchemy of Souls,135157,Cimthog,
Hey Duggee,74280,dtwx,
Lois & Clark: The New Adventures of Superman,4515,GenerationofSwine,10.0
Moving,126485,MovieGuys,2.0
Moving,126485,MovieGuys,2.0
Adventure Time: Fionna & Cake,131378,a7med3tef,9.0
Virgin River,88324,Peter89Spencer,9.0
Petticoat Junction,3346,drystyx,3.0
Altered Carbon,68421,FolioSwami,1.0
Altered Carbon,68421,ddnnacheta,10.0
Schitt's Creek,61662,rsanek,2.0
Schitt's Creek,61662,furious_iz,9.0
Miracle Workers,78950,qnnplmr@gmail.com,7.0
Miracle Workers,78950,fatso29,7.0
Miracle Workers,78950,Peter89Spencer,7.0
Rosewood,63329,TWDs,10.0
Goliath,67384,Splinter,
Jurassic World Camp Cretaceous,93741,Shehanxii,
Happy Days,3845,drystyx,2.0
Hill Street Blues,3828,GenerationofSwine,10.0
The Kardashians,154521,Agterbosch,1.0
Disenchantment,73021,GenerationofSwine,1.0
Disenchantment,73021,MovieGuys,3.0
Twisted Metal,133748,MovieGuys,6.0
AIBOU: Tokyo Detective Duo,40663,Otokichi786,8.0
Star Trek: Strange New Worlds,103516,5rJoud,1.0
Star Trek: Strange New Worlds,103516,misubisu,8.0
Star Trek: Strange New Worlds,103516,MovieGuys,2.0
Star Trek: Strange New Worlds,103516,timjtech,
Star Trek: Strange New Worlds,103516,DoctorTrek,
Star Trek: Strange New Worlds,103516,MovieGuys,2.0
Star Trek: Strange New Worlds,103516,docmyers,
Star Trek: Strange New Worlds,103516,EarthAndGravity,1.0
Line of Duty,43982,Splinter,10.0
Martin,171,GenerationofSwine,1.0
Line of Duty,43982,Splinter,10.0
Martin,171,GenerationofSwine,1.0
My Name is Farah,219826,melindawilson580@gmail.com,
My Name is Farah,219826,zoramehr4,10.0
The Bear,136315,redrumthebum,9.0
Animal Kingdom,66025,jwestdiscounts,
The Mist,68315,RoidDroidVoid,3.0
Animaniacs,107124,EmmanuelGoldstein,10.0
The Wild Wild West,10929,MagicMark,10.0
American Crime Story,64513,Bertaut,8.0
The Book of Boba Fett,115036,stomach17,6.0
The Book of Boba Fett,115036,FolioSwami,2.0
Killing Eve,72750,Bazzjazz,6.0
Killing Eve,72750,offscreenbabble,10.0
Killing Eve,72750,Thespear,
The Cuphead Show!,103786,ChrisSawin,9.0
The Cuphead Show!,103786,ChrisSawin,9.0
The Dead Zone,1475,GenerationofSwine,10.0
Moonlighting,1998,Arcanum101,10.0
Call the Midwife,39793,narrator56,8.0
The Gifted,69629,dr cherry peper,10.0
The Gifted,69629,tournelhenry,3.0
The Good Place,66573,CharlesTheBold,
The Good Place,66573,Sweatpants,7.0
The Good Place,66573,rsanek,5.0
The Outer Limits,21567,GenerationofSwine,10.0
Quantum Leap,202102,MovieGuys,4.0
Quantum Leap,202102,misubisu,4.0
"Ed, Edd n Eddy",606,Peter89Spencer,9.0
The Marvelous Mrs. Maisel,70796,karim2520,9.0
The Marvelous Mrs. Maisel,70796,narrator56,7.0
All Elite Wrestling: Dynamite,91555,baasman73,10.0
Evil,86848,MovieGuys,6.0
Evil,86848,MovieGuys,6.0
ER,4588,GenerationofSwine,10.0
ER,4588,BornKnight,8.0
Big Sky,100010,chrisdtv9831,10.0
All Creatures Great & Small,108255,narrator56,10.0
KONOSUBA – God's blessing on this wonderful world!!,65844,TheBlah,8.0
All American,82428,tmdb52822426,10.0
All American,82428,tmdb52822426,10.0
Marvel's Spider-Man,72705,chwalid13,8.0
The Leftovers,54344,His Excellency,10.0
I Love Lucy,2730,GenerationofSwine,10.0
The Man in the High Castle,62017,MGenth,6.0
The Man in the High Castle,62017,tmdb32847728,9.0
The Man in the High Castle,62017,GenerationofSwine,4.0
The Man in the High Castle,62017,DracoLabs,
Obi-Wan Kenobi,92830,TitanGusang,6.0
Obi-Wan Kenobi,92830,MonsterMartha,
Obi-Wan Kenobi,92830,MovieGuys,4.0
Obi-Wan Kenobi,92830,GenerationofSwine,1.0
The Quintessential Quintuplets,84669,ParticularSecret10,9.0
BEASTARS,90937,Peter89Spencer,7.0
Star Wars: Andor,83867,FredLeicht,1.0
Star Wars: Andor,83867,rimdot,10.0
Star Wars: Andor,83867,misubisu,8.0
Star Wars: Andor,83867,2LRB2Studios,
Star Wars: Andor,83867,ddnnacheta,8.0
Star Wars: Andor,83867,FredLeicht,1.0
Star Wars: Andor,83867,rimdot,10.0
Star Wars: Andor,83867,misubisu,8.0
Star Wars: Andor,83867,2LRB2Studios,
Star Wars: Andor,83867,ddnnacheta,8.0
Star Trek: Lower Decks,85948,outeh,1.0
Star Trek: Lower Decks,85948,EmmanuelGoldstein,10.0
Horizon,1966,smirno,
Firefly,1437,Arcanum101,10.0
That Time I Got Reincarnated as a Slime,82684,TheBlah,10.0
That Time I Got Reincarnated as a Slime,82684,DallasBob,3.0
Reign,48865,Geronimo1967,
Castlevania: Nocturne,123548,sirdorius,4.0
Good Witch,61864,venusdehalo,10.0
My Dress-Up Darling,123249,TheEnrichtifyer,8.0
The Falcon and the Winter Soldier,88396,msbreviews,6.0
The Falcon and the Winter Soldier,88396,TitanGusang,6.0
The Falcon and the Winter Soldier,88396,MonsterMartha,
Servant,88055,msbreviews,9.0
Redo of Healer,99071,TheBlah,1.0
Redo of Healer,99071,DallasBob,7.0
Harem in the Labyrinth of Another World,114477,DallasBob,9.0
The Irregular at Magic High School,60833,green0101,10.0
The Irregular at Magic High School,60833,TheBlah,7.0
Mushi-Shi,26867,TheBlah,5.0
MINDHUNTER,67744,MovieGuys,5.0
MINDHUNTER,67744,SeanDillon,5.0
Cowboy Bebop,30991,TheBlah,10.0
Scarecrow and Mrs. King,3414,GenerationofSwine,10.0
Cowboy Bebop,30991,TheBlah,10.0
Scarecrow and Mrs. King,3414,GenerationofSwine,10.0
Roswell,4624,Peter89Spencer,8.0
Space Force,85922,the_original_crt,7.0
Space Force,85922,tmdb15214618,5.0
Space Force,85922,rsanek,3.0
Ms. Marvel,92782,TitanGusang,6.0
Ms. Marvel,92782,PhilTheBronxite,9.0
The Grand Tour,67557,Splinter,
Ragnarok,91557,moviemovement,4.0
Cyberpunk: Edgerunners,105248,wintwint,
Cyberpunk: Edgerunners,105248,Noffica,4.0
The IT Crowd,2490,Timefox881,5.0
The Boys Presents: Diabolical,152483,DallasBob,1.0
The IT Crowd,2490,Timefox881,5.0
The Boys Presents: Diabolical,152483,DallasBob,1.0
Psycho-Pass,43865,Lutist,7.0
Unbreakable Kimmy Schmidt,61671,Peter89Spencer,8.0
"Love, Victor",97186,tmdb15214618,6.0
DC's Stargirl,80986,tmdb15214618,8.0
DC's Stargirl,80986,Peter89Spencer,9.0
DC's Stargirl,80986,quasar1967,4.0
The Librarians,61599,sammystarbuck,8.0
Teenage Mutant Ninja Turtles,2284,Peter89Spencer,8.0
Teenage Mutant Ninja Turtles,2284,Slimonite,6.0
Alexa & Katie,76874,Peter89Spencer,8.0
Nikita,32868,Sarumansstuff,9.0
Atlanta,65495,styx97,
Atlanta,65495,Otisons,8.0
To Your Eternity,97525,Lutist,10.0
Sense8,61664,Sejian,10.0
Sword Art Online,45782,SM-SYaKo,10.0
Terminator: The Sarah Connor Chronicles,433,tomk1,8.0
Terminator: The Sarah Connor Chronicles,433,GenerationofSwine,10.0
Terminator: The Sarah Connor Chronicles,433,tomk1,8.0
Terminator: The Sarah Connor Chronicles,433,GenerationofSwine,10.0
Atypical,71578,narrator56,10.0
Atypical,71578,Adson68,8.0
86 EIGHTY-SIX,100565,tmdb56477138,8.0
Preacher,64230,Rangan,
No Game No Life,60808,TheBlah,10.0
Johnny Test,1769,EffyOSC,8.0
The Dragon Prince,81046,JoelArhin,
The Dragon Prince,81046,DallasBob,1.0
The Dragon Prince,81046,JoelArhin,
The Dragon Prince,81046,DallasBob,1.0
Are You Afraid of the Dark?,2913,DavidLinck85,10.0
Are You Afraid of the Dark?,2913,GenerationofSwine,1.0
Baby Daddy,42272,Peter89Spencer,8.0
Stargate Universe,5148,misubisu,8.0
Baby Daddy,42272,Peter89Spencer,8.0
Stargate Universe,5148,misubisu,8.0
Sam & Cat,45666,TheSashaBanksFan,10.0
Bridgerton,91239,Peter89Spencer,9.0
A Touch of Frost,2474,narrator56,7.0
The Pacific,16997,GenerationofSwine,10.0
Star Wars: The Bad Batch,105971,MustachedMovieMan,8.0
Your Lie in April,61663,tmdbsom,10.0
May I Help You?,209275,YourOnlyOne,10.0
Wow! Wow! Wubbzy!,1346,HaltingTuber,10.0
The Purge,80213,GenerationofSwine,1.0
Shadow and Bone,85720,Peter89Spencer,7.0
Shadow and Bone,85720,Brandonmac,
The Purge,80213,GenerationofSwine,1.0
Shadow and Bone,85720,Peter89Spencer,7.0
Shadow and Bone,85720,Brandonmac,
Primeval,10268,narrator56,9.0
Good Trouble,80006,tournelhenry,1.0
The Idol,135251,GenerationofSwine,10.0
Nashville,44549,Arcanum101,6.0
Jumong,4734,ParkMin,4.0
FLCL,5895,danyukhin,10.0
Jumong,4734,ParkMin,4.0
FLCL,5895,danyukhin,10.0
Citadel,114922,MovieGuys,5.0
Citadel,114922,itsogs,4.0
Citadel,114922,mynameritesh,7.0
All in the Family,1922,drystyx,7.0
It,19614,Ruuz,4.0
It,19614,SoSmooth1982,8.0
A Discovery of Witches,77236,lonegunman,8.0
Severance,95396,cortneyhow,9.0
Puppy Dog Pals,72089,Gen_28,
"Be Cool, Scooby-Doo!",64228,Thomaxz,1.0
"Be Cool, Scooby-Doo!",64228,Slimonite,7.0
"Be Cool, Scooby-Doo!",64228,GenerationofSwine,1.0
Barry,73107,meganxkwok,
Defiance,51704,AKJETJ,6.0
Defiance,51704,GenerationofSwine,10.0
Hemlock Grove,42295,GenerationofSwine,1.0
Party of Five,4266,Arcanum101,9.0
The Haunting of Hill House,72844,Kewl_Kat,8.0
The Haunting of Hill House,72844,ausher8,8.0
The Haunting of Hill House,72844,Ditendra,4.0
A Million Little Things,81499,YouShouldKnow,7.0
A Million Little Things,81499,GenerationofSwine,1.0
Uzaki-chan Wants to Hang Out!,98986,AdamRife,
Uzaki-chan Wants to Hang Out!,98986,DallasBob,10.0
Legion,67195,slimmybim,
True Lies,202099,MovieGuys,5.0
Castlevania,71024,Peter89Spencer,8.0
Nancy Drew,89572,GenerationofSwine,1.0
Castle Rock,71116,Ditendra,4.0
Castle Rock,71116,hfel,7.0
Grantchester,61457,narrator56,7.0
The Neighborhood,81144,itsogs,2.0
Scooby-Doo and Guess Who?,88367,GenerationofSwine,10.0
Scooby-Doo and Guess Who?,88367,Jupast,
Dragon Age: Absolution,203805,DallasBob,2.0
Dragon Age: Absolution,203805,Sejian,6.0
Akame ga Kill!,61223,TheBlah,4.0
The End of the F***ing World,74577,YouShouldKnow,1.0
Suburra: Blood on Rome,73671,MovieGuys,5.0
Resident Evil,108296,MovieGuys,3.0
Resident Evil,108296,GenerationofSwine,1.0
Life,3797,Arcanum101,8.0
Voltron: Legendary Defender,66558,GenerationofSwine,10.0
The Terminal List,120911,MovieGuys,4.0
The Terminal List,120911,misubisu,7.0
Manhunt,72597,Sushrut,6.0
Manhunt,72597,GenerationofSwine,5.0
Falling Skies,34967,Helsi,5.0
Wynonna Earp,65988,MovieGuys,
Wynonna Earp,65988,Peter89Spencer,9.0
The Eric Andre Show,56590,WilsonWatches,
Close Enough,84503,FolioSwami,
Green Acres,609,safeinsanity,10.0
Green Acres,609,GenerationofSwine,10.0
Green Acres,609,drystyx,8.0
Happy Tree Friends,1126,Olmo,5.0
The Alfred Hitchcock Hour,21728,GenerationofSwine,10.0
The Alfred Hitchcock Hour,21728,drystyx,
Nadia: The Secret of Blue Water,24710,Slimonite,7.0
Fleabag,67070,Timefox881,1.0
Fleabag,67070,tmdb78820014,9.0
Fleabag,67070,Splinter,
Outer Banks,100757,Peter89Spencer,8.0
Fantasy Island,39775,GenerationofSwine,10.0
The Alienist,71769,adrainsmith,
The Alienist,71769,Otokichi786,6.0
The Alienist,71769,moviefan39,9.0
Batwoman,89247,MovieGuys,
Batwoman,89247,Peter89Spencer,7.0
Monty Python's Flying Circus,849,drystyx,8.0
Continuum,43020,Aldaryon,10.0
Continuum,43020,AKJETJ,6.0
Fate: The Winx Saga,97175,Peter89Spencer,8.0
Our Flag Means Death,109939,Agterbosch,10.0
Our Flag Means Death,109939,MovieGuys,2.0
The Ranch,65493,Peter89Spencer,9.0
My Love Story With Yamada-kun at Lv999,208067,DallasBob,6.0
Infinity Train,91425,Slimonite,8.0
The Outer Limits,21561,GenerationofSwine,10.0
1923,157744,Zugifilmofil,6.0
Family Reunion,87093,Peter89Spencer,9.0
Pride and Prejudice,1457,narrator56,8.0
Pride and Prejudice,1457,FilipeManuelNeto,10.0
Guillermo del Toro's Cabinet of Curiosities,83659,Ditendra,8.0
Strawberries with Sugar,308,FilipeManuelNeto,2.0
The Walking Dead: World Beyond,94305,5rJoud,1.0
The Walking Dead: World Beyond,94305,FolioSwami,2.0
The Ark,47663,MovieGuys,4.0
The Twilight Zone,16399,GenerationofSwine,4.0
FUBAR,221300,Zugifilmofil,4.0
FUBAR,221300,MovieGuys,4.0
Absentia,72755,tmdb80625884,4.0
Maid,111141,vylmen,9.0
Maid,111141,Ditendra,
Maid,111141,vylmen,9.0
Maid,111141,Ditendra,
The Girlfriend Experience,64387,YouShouldKnow,4.0
Tales from the Crypt,2391,SteveMcQueen36,10.0
Tales from the Crypt,2391,KDawg39,8.0
Tales from the Crypt,2391,GenerationofSwine,10.0
The King: Eternal Monarch,93846,YourOnlyOne,9.0
Masters of Horror,3470,GenerationofSwine,10.0
Dirty John,83251,Ditendra,9.0
Nick Cannon Presents: Wild 'N Out,2299,GenerationofSwine,1.0
The Mick,66551,Chrisman28,7.0
Vincenzo,117376,Leethyme,10.0
When They See Us,81355,narrator56,9.0
She-Ra and the Princesses of Power,79732,GenerationofSwine,1.0
The Witcher: Blood Origin,106541,MovieGuys,3.0
The Witcher: Blood Origin,106541,Agterbosch,1.0
Invader ZIM,3793,Slimonite,7.0
Paradise PD,81983,GenerationofSwine,1.0
DOTA: Dragon's Blood,118956,sirdorius,8.0
Ranking of Kings,112613,YouShouldKnow,6.0
Extraordinary Attorney Woo,197067,Rebecca71,
Extraordinary Attorney Woo,197067,Dlm67,10.0
Extraordinary Attorney Woo,197067,vylmen,9.0
Dickinson,89901,dubem_ulasi,
The Righteous Gemstones,82782,Peter89Spencer,7.0
The Righteous Gemstones,82782,Peter89Spencer,7.0
The Devil's Plan,214582,Ditendra,10.0
Leave It to Beaver,5133,GenerationofSwine,10.0
The Legend of Vox Machina,135934,DallasBob,4.0
WKRP in Cincinnati,971,GenerationofSwine,10.0
Unsolved Mysteries,126,GenerationofSwine,10.0
Scream: The TV Series,62823,Otisons,8.0
Scream: The TV Series,62823,GenerationofSwine,1.0
Watchmen,79788,Luis_989,9.0
Watchmen,79788,msbreviews,10.0
Watchmen,79788,Bertaut,9.0
Sledge Hammer!,520,GenerationofSwine,10.0
Kaiji,42951,movievarma,8.0
Unforgotten,62505,narrator56,10.0
Tour of Duty,11095,sammystarbuck,7.0
Tour of Duty,11095,tmdbnaggers,
Itaewon Class,96162,sensathyamony,
1899,90669,MovieGuys,4.0
1899,90669,Zugifilmofil,8.0
1899,90669,jw,4.0
1899,90669,Crazypiglady,7.0
1899,90669,misubisu,8.0
Swamp Thing,79240,nickamg,
Little Einsteins,3090,spuffyinternational,10.0
The Outsider,84661,Kewl_Kat,5.0
The Outsider,84661,Bertaut,7.0
The Angel Next Door Spoils Me Rotten,154743,jozen1,10.0
The Angel Next Door Spoils Me Rotten,154743,jozen1,10.0
Kolchak: The Night Stalker,5084,Wuchak,7.0
Kolchak: The Night Stalker,5084,drystyx,1.0
Motherland: Fort Salem,91977,chrisdye2027,10.0
Motherland: Fort Salem,91977,chrisdtv88,8.0
Motherland: Fort Salem,91977,Peter89Spencer,7.0
Hunters,79622,GenerationofSwine,1.0
Dopesick,110695,rsanek,9.0
Marvel's Luke Cage,62126,j0ng,9.0
Marvel's Luke Cage,62126,kscardina,10.0
Marvel's Luke Cage,62126,Peter89Spencer,9.0
Black Bird,155537,ObjectivityGate,7.0
The Kelly Clarkson Show,82873,doggy30,9.0
Primal,89456,MyTwoSense,9.0
The Walking Dead: Origins,129035,SilkyChrissy,
Anne Rice's Mayfair Witches,207863,GenerationofSwine,2.0
Reply 1988,64010,tapforabhi,
The Crimson Rivers,82149,MovieGuys,9.0
Single's Inferno,139798,Ditendra,10.0
Dead to Me,81357,nickamg,
Dead to Me,81357,SierraKiloBravo,8.0
Love Alarm,89641,MahmoudErfan,
Simon & Simon,2102,GenerationofSwine,10.0
Russian Doll,84977,Splinter,
Russian Doll,84977,narrator56,9.0
North and South,3266,SoSmooth1982,1.0
Young Royals,125910,Farias03,9.0
Masters of the Universe: Revelation,96658,Peter89Spencer,7.0
Masters of the Universe: Revelation,96658,GenerationofSwine,1.0
The Mighty Ones,112063,W.Wolf,8.0
Mare of Easttown,115004,narrator56,8.0
The Terror,75191,narrator56,7.0
The OA,69061,Abro,8.0
The OA,69061,Ditendra,10.0
The OA,69061,Ditendra,10.0
The OA,69061,Crazypiglady,8.0
Roman Empire,68708,GenerationofSwine,1.0
The Terror,75191,narrator56,7.0
The OA,69061,Abro,8.0
The OA,69061,Ditendra,10.0
The OA,69061,Ditendra,10.0
The OA,69061,Crazypiglady,8.0
Roman Empire,68708,GenerationofSwine,1.0
The Worst of Evil,210704,MovieGuys,8.0
A Korean Odyssey,75123,tmdb56477138,8.0
Gate,63663,TheBlah,4.0
Hotel Del Luna,90447,YourOnlyOne,10.0
18 Again,99654,tmdb56477138,10.0
Joan of Arcadia,1593,CharlesTheBold,
The Lost Flowers of Alice Hart,125816,Damian@TalkTeaV,10.0
Fire Country,202297,GenerationofSwine,10.0
The World's Finest Assassin Gets Reincarnated in Another World as an Aristocrat,118821,Lutist,4.0
Dong Yi,38852,POCODRAGON,1.0
Dong Yi,38852,ParkMin,4.0
Dong Yi,38852,STUMPD,10.0
Chemistry,41875,Peter89Spencer,9.0
SurrealEstate,106148,MovieGuys,6.0
Resident Alien,96580,Zugifilmofil,7.0
Locke & Key,86423,zerobane,5.0
Broadchurch,1427,Timefox881,1.0
The Outpost,79340,Timefox881,6.0
8 Out of 10 Cats Does Countdown,62974,ViscerusMorscer,8.0
Revenge of Others,208336,MovieGuys,8.0
Hercules: The Legendary Journeys,4615,GenerationofSwine,10.0
The Exorcist,67135,Ditendra,6.0
Wonder Egg Priority,111255,Lutist,4.0
Just Shoot Me!,4576,fcsuper,10.0
Freaks and Geeks,2382,fcsuper,9.0
Halt and Catch Fire,59659,silverhawkins,8.0
Halt and Catch Fire,59659,CarsonTrent,10.0
The Devil Is a Part-Timer!,45997,TheBlah,10.0
Song of the Bandits,136368,MovieGuys,4.0
The Twilight Zone,83135,Mark Rushow,6.0
The Twilight Zone,83135,GenerationofSwine,1.0
Greenhouse Academy,73602,Peter89Spencer,8.0
The Last Man on Earth,61888,YouShouldKnow,4.0
Final Space,74387,Dsnake1,9.0
Homecoming,80335,SierraKiloBravo,8.0
Star Trek,1992,GenerationofSwine,8.0
Twenty Five Twenty One,129888,CarsonTrent,10.0
America's Most Wanted,1802,GenerationofSwine,10.0
Inventing Anna,95665,rsanek,5.0
The Old Man,111800,DownUnder,
The Old Man,111800,That1Guy7585,1.0
The Old Man,111800,MovieGuys,5.0
The Old Man,111800,mcavoya,1.0
Beelzebub,38603,TheBlah,9.0
Tower of God,97860,TheBlah,1.0
Tower of God,97860,TheBlah,1.0
Big Little Lies,66292,Rangan,9.0
The Nevers,80828,Peter89Spencer,8.0
Hart of Dixie,39279,Arcanum101,6.0
Bloodline,61986,Bazzjazz,9.0
The Hitchhiker,10370,GenerationofSwine,10.0
LazyTown,1894,GeorgeElsley,10.0
Willow,111837,smirno,
Willow,111837,GenerationofSwine,1.0
Wizards: Tales of Arcadia,105797,Peter89Spencer,6.0
Jewel in the Palace,333,STUMPD,
Mirzapur,84105,sudhirsb2003,
"Nevertheless,",126035,vylmen,7.0
"Nevertheless,",126035,ParkMin,2.0
Bering Sea Gold,58704,JayJay2019,9.0
Bering Sea Gold,58704,JayJay2019,9.0
Wandering Witch: The Journey of Elaina,94693,TheBlah,7.0
To the Lake,95202,FolioSwami,
To the Lake,95202,MovieGuys,10.0
Agatha Raisin,66671,narrator56,5.0
The Order,82104,Peter89Spencer,7.0
GLOW,70573,marchingfreakm17,9.0
Frasier,195241,MovieGuys,9.0
Rabbit Hole,156819,MovieGuys,4.0
2gether: The Series,99631,Ilovesane4,10.0
F is for Family,63522,GenerationofSwine,10.0
2gether: The Series,99631,Ilovesane4,10.0
F is for Family,63522,GenerationofSwine,10.0
Raising Dion,93392,ProudPittieMom,7.0
Dark Matter,62425,Peter89Spencer,8.0
Marcella,66023,Bazzjazz,7.0
Barbarians,93785,Ditendra,10.0
11.22.63,64464,GenerationofSwine,10.0
Helix,58811,Ditendra,4.0
G.I. Joe: A Real American Hero,29200,Mario32,
Ghosts,126027,GenerationofSwine,4.0
Flight of the Conchords,2742,Curtainpoles,
"Roswell, New Mexico",82001,TrentTX,10.0
"Roswell, New Mexico",82001,Peter89Spencer,8.0
Bear in the Big Blue House,207,Wuchak,
The Dark Crystal: Age of Resistance,71809,Peter89Spencer,9.0
HAPPY!,72339,GenerationofSwine,10.0
Ultraman,80795,CheauxFoure,8.0
Zombieverse,217945,terrapong,1.0
Seirei Gensouki: Spirit Chronicles,113808,thetveditor299,2.0
Marvel's Cloak & Dagger,66190,Peter89Spencer,9.0
Something in the Rain,78385,alifaziz,10.0
Class of '09,127948,Damian@TalkTeaV,
Class of '09,127948,Zugifilmofil,5.0
From the Earth to the Moon,3556,DocTerminus,9.0
Knights of Sidonia,60831,TheBlah,7.0
Dollhouse,14956,Zak_Jaggs,8.0
After Life,79410,Michelle100,10.0
Gilmore Girls: A Year in the Life,68799,narrator56,7.0
The Good Bad Mother,214999,jn_freud,9.0
Midnight Mass,97400,lostincinema,6.0
Alphas,39362,GenerationofSwine,1.0
Island,211747,bilalkamaran,10.0
Island,211747,MovieGuys,4.0
Seaside Hotel,62474,narrator56,9.0
So I Married an Anti-Fan,122978,tpopal,6.0
So I Married an Anti-Fan,122978,ParkMin,2.0
Interview with the Vampire,128098,MovieGuys,4.0
Interview with the Vampire,128098,GenerationofSwine,1.0
Claymore,34791,TheBlah,8.0
Power Rangers,2328,Peter89Spencer,9.0
Power Rangers,2328,tsdenizen,6.0
The Stranger,96608,SierraKiloBravo,4.0
Defending Jacob,87784,Aditya@13,
Black Knight,137040,MovieGuys,4.0
Black Knight,137040,Sajj,9.0
Black Knight,137040,Ditendra,7.0
Blood of Zeus,111111,Peter89Spencer,9.0
In the Heat of the Night,862,GenerationofSwine,8.0
In the Heat of the Night,862,GenerationofSwine,8.0
She-Ra: Princess of Power,14755,GenerationofSwine,10.0
Jupiter's Legacy,93484,Peter89Spencer,9.0
The Stand,86382,GenerationofSwine,1.0
Marvel's The Defenders,62285,Peter89Spencer,9.0
Marvel's The Defenders,62285,GenerationofSwine,10.0
Sanford and Son,2586,drystyx,9.0
Gleipnir,96203,Lutist,4.0
Mrs. Fazilet and Her Daughters,76560,nathanyr,10.0
The Care Bears,2264,GenerationofSwine,10.0
Charlotte,63145,TheBlah,10.0
Samurai Pizza Cats,10797,jozen1,
Stuart Little: The Animated Series,10840,CharlesTatum,7.0
Bodyguard,80307,Splinter,
Keep Your Hands Off Eizouken!,92579,TheBlah,8.0
V Wars,81559,Ditendra,8.0
V Wars,81559,Ditendra,8.0
One Day at a Time,69017,Enricc1,9.0
One Day at a Time,69017,Peter89Spencer,8.0
One Day at a Time,69017,mdval,10.0
Home Before Dark,98161,lunaticbic,9.0
Call My Agent!,64165,Noffica,6.0
Julia,116761,ac0mputerguru,
The Last Dance,79525,Skarfrael,9.0
Jake and the Fatman,4521,GenerationofSwine,10.0
As Time Goes By,88,narrator56,9.0
Busted!,78798,tpopal,8.0
As Time Goes By,88,narrator56,9.0
Busted!,78798,tpopal,8.0
War and Peace,64099,Rangan,
My Hero Academia,65930,ischleep,10.0
My Hero Academia,65930,TheBlah,8.0
My Hero Academia,65930,11812142,
The Diplomat,203857,jw,7.0
The Diplomat,203857,narrator56,9.0
Dracula,86850,Peter89Spencer,4.0
Dracula,86850,Bertaut,8.0
Dear White People,70767,sexxyadventure,1.0
The Stand,9045,GenerationofSwine,10.0
Better Things,66859,Rangan,
Better Things,66859,dr cherry peper,8.0
Human Target,18653,Arcanum101,8.0
The White Queen,57092,FilipeManuelNeto,8.0
First Kill,111616,lariss1,10.0
First Kill,111616,raniraee,
First Kill,111616,lariss1,10.0
First Kill,111616,lariss1,10.0
Patrick Melrose,72787,Bertaut,7.0
Scarlet Heart: Ryeo,66433,YourOnlyOne,8.0
Maken-Ki! Battling Venus,60732,DallasBob,8.0
Wounded Love,69459,nathanyr,10.0
Sonny Boy,124396,Lutist,4.0
Kyo Kara Maoh!,43232,jozen1,3.0
While You Were Sleeping,70649,YourOnlyOne,9.0
Gentleman Jack,86163,narrator56,7.0
Another Life,79130,portnoyz,
Another Life,79130,Ditendra,8.0
The Night Manager,61859,Rangan,8.0
Station Eleven,90972,5rJoud,1.0
Station Eleven,90972,Dobwhan,10.0
Station Eleven,90972,Foothold8187,10.0
The Super Mario Bros. Super Show!,14613,NintendoBro,7.0
The A List,85427,JDP185,8.0
The A List,85427,JDP185,8.0
Sanctuary,210269,IndecentLouie,8.0
The Inbetweeners,7317,tmdb40011370,8.0
The Winchesters,128113,MovieGuys,3.0
The Winchesters,128113,MovieGuys,3.0
Duncanville,93292,GenerationofSwine,1.0
Wayne,84231,cherry19,10.0
Wayne,84231,cherry19,10.0
Instinct,72745,narrator56,8.0
City on a Hill,79618,mazal,7.0
City on a Hill,79618,mazal,7.0
StartUp,66310,Dan_Tebasco,4.0
Life on Mars,2973,VanVliet,9.0
Derry Girls,76148,narrator56,10.0
Derry Girls,76148,FolioSwami,8.0
Derry Girls,76148,GenerationofSwine,10.0
Rocco Schiavone,67639,MovieGuys,10.0
Life on Mars,2973,VanVliet,9.0
Derry Girls,76148,narrator56,10.0
Derry Girls,76148,FolioSwami,8.0
Derry Girls,76148,GenerationofSwine,10.0
Rocco Schiavone,67639,MovieGuys,10.0
Kim's Convenience,68106,Peter89Spencer,8.0
Golden Boy,34105,ArkhamKnightRider,1.0
Golden Boy,34105,kagetsu,
Samurai Champloo,1063,TheBlah,10.0
Duty After School,158258,terrapong,2.0
Corner Gas,429,narrator56,8.0
Star Blazers [Space Battleship Yamato] 2199,45844,Blue Ghost,
Star Blazers [Space Battleship Yamato] 2199,45844,Blue Ghost,
The Night Of,66276,swiewior,5.0
Velma,126725,GenerationofSwine,1.0
Velma,126725,jaam1996,
Velma,126725,geekmetal,5.0
Domina,106734,MovieGuys,5.0
Rose Red,19654,GenerationofSwine,10.0
Jellystone!,128071,GenerationofSwine,1.0
Not Dead Yet,203178,GenerationofSwine,10.0
Stargate Origins,72925,GenerationofSwine,1.0
Death March to the Parallel World Rhapsody,76122,bcorrel2,
Patriot,64396,JonSteph,8.0
Devs,81349,narrator56,7.0
Devs,81349,Thimble,5.0
Liaison,128066,MovieGuys,4.0
Project Blue Book,79649,TalisBriedis,5.0
DASH & LILY,111625,Peter89Spencer,7.0
DASH & LILY,111625,maybesarthak,8.0
Fawlty Towers,2207,farquarRonalds,
Are You Afraid of the Dark?,93693,JDP185,2.0
Are You Afraid of the Dark?,93693,JDP185,2.0
Vagabond,92983,YourOnlyOne,8.0
Generation War,46849,swiewior,1.0
Little Britain,380,elephantLYFE,10.0
The Man from U.N.C.L.E.,210,GenerationofSwine,10.0
Physical: 100,210905,terrapong,6.0
Better Than Us,84380,Ditendra,9.0
Better Than Us,84380,Ditendra,9.0
The First Responders,211261,MovieGuys,8.0
Deadly Class,75663,cherrysoda,10.0
Doctor Cha,214997,MyStuPedOpinion,10.0
Doctor Cha,214997,MyStuPedOpinion,10.0
3Below: Tales of Arcadia,84154,Peter89Spencer,8.0
Somewhere Between,70390,5rJoud,3.0
Black Summer,88052,Ditendra,
Black Summer,88052,JDP185,10.0
The Interpreter of Silence,220374,MovieGuys,6.0
Queen Cleopatra,224387,MovieGuys,4.0
Queen Cleopatra,224387,Splinter,
Queen Cleopatra,224387,GenerationofSwine,1.0
Queen Cleopatra,224387,itsonlikedonkeykong,1.0
Birds of Prey,1469,GenerationofSwine,1.0
Who Killed Sara?,120168,jvilanova,4.0
Vigil,126167,narrator56,9.0
Leonardo,96230,Geronimo1967,
The Casketeers,84181,SierraKiloBravo,6.0
Wolf Pack,134865,Quenez3000,1.0
Barbie: Life in the Dreamhouse,61838,BlakeMower,
Alias Smith and Jones,3275,Arcanum101,8.0
Crazy Love,134465,Annathampi,
Occupied,63867,Noffica,8.0
Imposters,69889,TrentTX,10.0
Val x Love,91027,hxy112292,
Val x Love,91027,hxy112292,
Strangers from Hell,89959,carlymmarie,10.0
Giri/Haji,94659,Noffica,6.0
Giri/Haji,94659,DanDare,9.0
My Senpai Is Annoying,105511,DallasBob,10.0
Alfred Hitchcock Presents,5273,CharlesTatum,6.0
Alfred Hitchcock Presents,5273,GenerationofSwine,10.0
Kath & Kim,1772,SierraKiloBravo,10.0
The Andromeda Strain,19997,tanty,4.0
Love Live! School Idol Project,53721,Vali2020,
Schooled,81924,Peter89Spencer,
Undone,86340,Crazypiglady,8.0
Between,62433,tmdb80625884,2.0
Marvel's Iron Fist,62127,magatsu,1.0
Marvel's Iron Fist,62127,abaddonhades,6.0
Marvel's Iron Fist,62127,maleonar,
Marvel's Iron Fist,62127,cinhtau,2.0
Marvel's Iron Fist,62127,Peter89Spencer,8.0
AJ and the Queen,84896,ritteh,7.0
Our Beloved Summer,135897,ParkMin,5.0
Quarry,66911,Jeff_34,8.0
High Seas,88239,JDP185,6.0
Quarry,66911,Jeff_34,8.0
High Seas,88239,JDP185,6.0
Mine,124426,ParkMin,4.0
Black Bullet,60834,TheBlah,6.0
The Next Step,62404,ghouliayelps,7.0
The Odyssey,9687,StormTheGates,10.0
A Love So Beautiful,114395,ParkMin,2.0
Offspring,33155,gnawbone,6.0
Captain Fall,229153,EmmanuelGoldstein,9.0
Captain Fall,229153,EmmanuelGoldstein,9.0
Three-Body,204541,MovieGuys,4.0
Three-Body,204541,Daloaf,10.0
Full Frontal with Samantha Bee,65592,benzotone,1.0
Annika,130273,narrator56,9.0
Annika,130273,MovieGuys,7.0
Ergo Proxy,1097,TheBlah,7.0
Loudermilk,73200,YouShouldKnow,5.0
Black Spot,70613,ProudPittieMom,
Black Spot,70613,JDP185,5.0
Hinamatsuri,76758,TheBlah,9.0
Shaggy & Scooby-Doo Get a Clue!,593,Slimonite,3.0
Heathcliff and the Catillac Cats,13781,GenerationofSwine,10.0
Snorks,4237,GenerationofSwine,10.0
Snorks,4237,GenerationofSwine,10.0
Battlestar Galactica,71365,GenerationofSwine,10.0
The Society,84647,JDP185,8.0
The Society,84647,Peter89Spencer,3.0
Space: Above and Beyond,3534,kkaldroma,
Back Streets,32836,LORDHEWA21,10.0
Wu Assassins,86752,Peter89Spencer,4.0
Wu Assassins,86752,FolioSwami,2.0
Clone High,2342,emnel,7.0
The Patient,135868,MovieGuys,9.0
Mr. Mayor,113477,CDean,1.0
Given,88040,andromega,
Tin Star,70384,HarrisonHanksHackman,8.0
Snowdrop,108291,ParkMin,3.0
Nazar,81927,Waseem90,10.0
Dungeons & Dragons,553,Peter89Spencer,8.0
The Other Two,85519,del29,10.0
Start-Up,99048,YourOnlyOne,9.0
Sanditon,92875,narrator56,7.0
Black Summoner,157842,DallasBob,8.0
Farzar,202864,FolioSwami,2.0
Yes Minister,4549,Geronimo1967,
The English,99346,AhmadZQ,
Sense and Sensibility,13892,narrator56,9.0
Bambai Meri Jaan,202237,desicinephile,7.0
Sense and Sensibility,13892,narrator56,9.0
Bambai Meri Jaan,202237,desicinephile,7.0
Dad's Army,505,Geronimo1967,
Emperor Wang Gun,17039,ParkMin,4.0
José do Egito,65166,missie,
José do Egito,65166,missie,
Brave New World,93289,idotj,2.0
1000 Ways to Die,15826,DejuenZaire,10.0
Eli Roth's History of Horror,83181,repojack,8.0
Eli Roth's History of Horror,83181,repojack,8.0
Inside Man,121710,MovieGuys,1.0
Capitani,95638,FolioSwami,2.0
Capitani,95638,FolioSwami,2.0
The Devil's Hour,157061,AhmadZQ,8.0
Emergence,91962,antoninagt91,
Emergence,91962,GenerationofSwine,1.0
ID: INVADED,92602,TheBlah,4.0
Riptide,4379,GenerationofSwine,10.0
Holiday Baking Championship,68598,lmao7,10.0
The Golden Palace,3068,stugood,5.0
Police University,127356,ParkMin,3.0
Lawless Lawyer,78796,dimjimc,10.0
Country Comfort,119180,Peter89Spencer,9.0
The Baby-Sitters Club,100412,Peter89Spencer,7.0
Lawless Lawyer,78796,dimjimc,10.0
Country Comfort,119180,Peter89Spencer,9.0
The Baby-Sitters Club,100412,Peter89Spencer,7.0
Almost Human,51019,misubisu,8.0
Almost Human,51019,GenerationofSwine,10.0
Requiem,76819,Bertaut,5.0
Sacred Games,79352,FolioSwami,
Hinterland,60605,narrator56,7.0
Jane Eyre,13851,alfa-16,10.0
Jane Eyre,13851,alfa-16,10.0
High Fidelity,96734,drystyx,3.0
"Eerie, Indiana",4045,Olivergbyrne,
"Eerie, Indiana",4045,GenerationofSwine,10.0
Top of the Lake,46638,Dan_Tebasco,4.0
Top of the Lake,46638,Netflowers,10.0
Top of the Lake,46638,Dan_Tebasco,4.0
Top of the Lake,46638,Netflowers,10.0
Based on a True Story,197373,Damian@TalkTeaV,
Blue Lights,218344,phildev,10.0
Blue Lights,218344,narrator56,10.0
Grace,120317,narrator56,7.0
Grace,120317,narrator56,7.0
Intersection,65566,pua588,9.0
Gypsy,66939,marchingfreakm17,1.0
McDonald & Dodds,99962,narrator56,8.0
The Name of the Rose,86343,leo2323,5.0
Porridge,2292,Geronimo1967,
Mrs Brown's Boys,34965,Peter89Spencer,9.0
Revenant,210702,MovieGuys,8.0
Mrs Brown's Boys,34965,Peter89Spencer,9.0
Revenant,210702,MovieGuys,8.0
Terrace House: Boys & Girls in the City,66647,SierraKiloBravo,8.0
Merry Happy Whatever,94587,Peter89Spencer,8.0
History 101,102905,SierraKiloBravo,4.0
Bad and Crazy,132979,ParkMin,4.0
The World at War,751,maketheSWITCH,10.0
Dark Side of Comedy,205568,noimjory,9.0
"You're the Best, Lee Soon Shin",47084,YourOnlyOne,8.0
The North Water,86941,Timefox881,9.0
Future-Worm!,107968,misubisu,5.0
Douluo Continent,112202,rexczd,10.0
Douluo Continent,112202,rexczd,10.0
Three Little Birds,237311,narrator56,8.0
Inspector Koo,129475,ParkMin,6.0
Andi Mack,70540,Rangan,8.0
Andi Mack,70540,Rangan,8.0
Chief of Staff,89642,ParkMin,5.0
Lovestruck in the City,113710,YourOnlyOne,10.0
Central Park,98198,Peter89Spencer,8.0
Central Park,98198,nobody88,5.0
The Upshaws,121509,Peter89Spencer,8.0
Tripping the Rift,4585,Dsnake1,7.0
The Upshaws,121509,Peter89Spencer,8.0
Tripping the Rift,4585,Dsnake1,7.0
Gunpowder,73550,Jon saunders,
No Good Nick,82578,Peter89Spencer,8.0
So Not Worth It,110545,ParkMin,2.0
Fatmagul,44807,Ranoosh,10.0
Agency,203698,vylmen,9.0
Agency,203698,vylmen,9.0
Age of Samurai: Battle for Japan,93736,iar99,9.0
Age of Samurai: Battle for Japan,93736,noche.oscura,9.0
SilverHawks,12504,GenerationofSwine,10.0
The Colour of Magic,5885,Rangan,7.0
The Vietnam War,46434,Bertaut,9.0
Cowboy Bebop,84469,FolioSwami,
Cowboy Bebop,84469,100filmes,
The Irregulars,98187,Peter89Spencer,7.0
Deputy,89498,GenerationofSwine,1.0
The Irregulars,98187,Peter89Spencer,7.0
Deputy,89498,GenerationofSwine,1.0
Tidelands,83381,Ditendra,5.0
The Secret Circle,37664,Ditendra,8.0
The Secret Circle,37664,Ditendra,8.0
The Bible,43899,GenerationofSwine,10.0
The Bible,43899,Changnoi,
A Place to Call Home,47335,Nov1944,
A Place to Call Home,47335,Nov1944,
MH370: The Plane That Disappeared,220499,narrator56,10.0
Jirisan,110533,LeadingRhyth,8.0
Jirisan,110533,LeadingRhyth,8.0
Jirisan,110533,ParkMin,3.0
Jirisan,110533,LeadingRhyth,8.0
Jirisan,110533,LeadingRhyth,8.0
Jirisan,110533,ParkMin,3.0
Tinker Tailor Soldier Spy,35430,narrator56,7.0
Marlon,71887,Peter89Spencer,8.0
SAS: Rogue Heroes,93870,MovieGuys,4.0
Bloodlands,119191,narrator56,6.0
Bloodlands,119191,MovieGuys,5.0
The Hollow,79948,Peter89Spencer,7.0
Navillera,119464,ParkMin,6.0
The Son,67232,nahidahmed92,
Kleo,206010,MovieGuys,3.0
The I-Land,90755,Ditendra,8.0
Rookie Cops,126484,ParkMin,2.0
Jeffrey Epstein: Filthy Rich,103506,SierraKiloBravo,8.0
He-Man and the Masters of the Universe,3035,Peter89Spencer,8.0
Lone Wolf and Cub,36749,enduser00,
Mr. Iglesias,88378,Peter89Spencer,9.0
The King of Legend,35278,ParkMin,5.0
Safe,72792,TreesOfEternity,2.0
Safe,72792,JDP185,9.0
Mrs. America,83605,Dedoc1967,8.0
Racket Boys,125437,ParkMin,3.0
A League of Their Own,107005,GenerationofSwine,1.0
Warrior Baek Dong Soo,40016,ParkMin,3.0
DNA,93286,narrator56,8.0
Echoes,129612,quicksite,
The Loudest Voice,80443,Bertaut,8.0
The Loudest Voice,80443,sykobanana,9.0
Divorce Attorney Shin,204241,vylmen,2.0
Detectorists,61828,misubisu,9.0
Divorce Attorney Shin,204241,vylmen,2.0
Detectorists,61828,misubisu,9.0
Tatlı Küçük Yalancılar,64000,Evylein,
The Imperfects,203555,FolioSwami,
The Imperfects,203555,FolioSwami,
Alien TV,107422,FolioSwami,2.0
Fuuka,69284,ParticularSecret10,10.0
Terrace House: Aloha State,69864,SierraKiloBravo,6.0
Devil in Ohio,133700,MovieGuys,3.0
Hot Girls Wanted: Turned On,71373,rsanek,7.0
One Foot In the Grave,4548,narrator56,10.0
One Foot In the Grave,4548,narrator56,10.0
Ghost Doctor,152471,tmdb56477138,
Ghost Doctor,152471,ParkMin,5.0
Alba,115521,leediamond,
My Strange Hero,84464,vinayakbhatt35,8.0
My Strange Hero,84464,vinayakbhatt35,8.0
NEXT,89571,teabow,
The Oath,75797,mrmoovee,
The Chelsea Detective,156240,alexleonard,4.0
The Mechanism,76954,Bazzjazz,7.0
Chicago Party Aunt,130077,FolioSwami,2.0
Hostel Daze,96421,AKNair2226,
Adamas,205040,MovieGuys,8.0
Mars,68427,SkyPowers,
"Yes, Prime Minister",12597,Geronimo1967,
Upright,95913,narrator56,
The Looming Tower,70721,Bertaut,8.0
Never Twice,94940,ParkMin,4.0
Framed! A Sicilian Murder Mystery,154535,FolioSwami,2.0
Adventures of Superman,12662,GenerationofSwine,6.0
Harry Wild,156993,ifeelucky,
The Bonfire of Destiny,93742,Kimberly.Blaine,
Bottom,4292,timinaus,
Let the Right One In,136735,MovieGuys,4.0
Let the Right One In,136735,MovieGuys,4.0
Thirty-Nine,131028,ParkMin,4.0
Training Day,68000,GenerationofSwine,1.0
Baseball,19215,GenerationofSwine,1.0
Baseball,19215,GenerationofSwine,1.0
Chimera,96262,ParkMin,4.0
The Devil Judge,119772,MovieGuys,6.0
Immortals,82007,terriecoleman,
Gu Family Book,47179,YourOnlyOne,10.0
The Shining,1867,tanty,5.0
Gu Family Book,47179,YourOnlyOne,10.0
The Shining,1867,tanty,5.0
Was It Love?,96161,ParkMin,3.0
How to Become a Tyrant,127626,FolioSwami,
Brand New Cherry Flavor,129418,FolioSwami,4.0
Awkwafina is Nora From Queens,96231,r96sk,7.0
The Blue Whisper,136973,terrapong,8.0
Booba,81700,FolioSwami,2.0
Dispatches from Elsewhere,81241,benefits247,1.0
Dispatches from Elsewhere,81241,cesccarlos@gmail.com,
Dispatches from Elsewhere,81241,noche.oscura,8.0
Dispatches from Elsewhere,81241,Clarst11,6.0
Dispatches from Elsewhere,81241,wogsurfer,5.0
Dispatches from Elsewhere,81241,benefits247,1.0
Dispatches from Elsewhere,81241,cesccarlos@gmail.com,
Dispatches from Elsewhere,81241,noche.oscura,8.0
Dispatches from Elsewhere,81241,Clarst11,6.0
Dispatches from Elsewhere,81241,wogsurfer,5.0
The Kennedys,34531,cinefilo12,
The Kennedys,34531,GenerationofSwine,1.0
Bulgasal: Immortal Souls,137520,ParkMin,4.0
The Serpent Queen,118189,MovieGuys,4.0
The Guest Book,72544,Chrisman28,6.0
The Guest Book,72544,mtouchto,
My Bride is a Mermaid,56834,TheBlah,4.0
She Would Never Know,113965,ParkMin,3.0
Missing: The Other Side,106761,MovieGuys,7.0
The Kingdom of the Wind,38932,ParkMin,3.0
Flowers in the Attic: The Origin,203728,Damian@TalkTeaV,10.0
Flowers in the Attic: The Origin,203728,Damian@TalkTeaV,10.0
Goodnight Sweetheart,5632,Peter89Spencer,7.0
Tear Along the Dotted Line,135918,FolioSwami,2.0
"Lee San, Wind in the Palace",15135,ParkMin,5.0
"Lee San, Wind in the Palace",15135,STUMPD,10.0
Somebody Feed Phil,76305,SierraKiloBravo,8.0
Youth of May,119466,ParkMin,4.0
The Brave,71714,dshacky90,6.0
The Brave,71714,dshacky90,6.0
GHOUL,80707,Columbusbuck,3.0
Hanada Shounen-shi,43228,alemendoza,10.0
Ashes to Ashes,1180,VanVliet,10.0
The Disappearance,72744,Bertaut,7.0
The Letter for the King,99356,Peter89Spencer,8.0
Silsila Badalte Rishton Ka,80540,shahid249,1.0
Ancient Apocalypse,212869,mesteru,6.0
Ancient Apocalypse,212869,GenerationofSwine,10.0
Sick Note,72313,FolioSwami,10.0
"Gwanggaeto, The Great Conqueror",39606,ParkMin,4.0
Terrace House: Tokyo 2019-2020,88850,SierraKiloBravo,6.0
Maigret,69533,narrator56,10.0
Maigret,69533,narrator56,10.0
The Pembrokeshire Murders,116500,DanDare,6.0
The Pembrokeshire Murders,116500,narrator56,7.0
Emma,18156,narrator56,10.0
The Adventures of Sir Lancelot,12154,Geronimo1967,
My Unfamiliar Family,100941,ParkMin,4.0
My Unfamiliar Family,100941,ParkMin,4.0
Call Me Kat,113627,CDean,1.0
Call Me Kat,113627,CDean,1.0
Des,96628,Timefox881,1.0
Jem,3127,GenerationofSwine,10.0
You Can't Do That on Television,3607,Thomaxz,8.0
Juliantina,95314,jhoraa,
"Hur Jun, The Original Story",57788,ParkMin,5.0
Creature,47096,insidemovies84,10.0
Night Stalker,1684,viciouslollipop,
Dalgliesh,137127,narrator56,7.0
Malibu Rescue: The Series,85958,r96sk,5.0
Bad Exorcist,114183,FolioSwami,2.0
The Lost Pirate Kingdom,118815,FolioSwami,2.0
The Adventures of Pete & Pete,2824,DavidLinck85,10.0
Teenage Euthanasia,132922,SpaceClocktopus,10.0
Teenage Euthanasia,132922,SpaceClocktopus,10.0
The Long Shadow,231811,zingyyellow,
The Long Shadow,231811,IndecentLouie,7.0
The Stranded,95041,JDP185,8.0
Kevin (Probably) Saves the World,71725,GenerationofSwine,10.0
Terrace House: Opening New Doors,75814,SierraKiloBravo,8.0
"At a Distance, Spring is Green",126436,ParkMin,1.0
Floor Is Lava,104999,SierraKiloBravo,2.0
Melancholia,127527,Monsuru290,
Melancholia,127527,ParkMin,3.0
Roadkill,111573,Nora58,9.0
Roadkill,111573,Nora58,9.0
One the Woman,129479,ParkMin,4.0
One the Woman,129479,ParkMin,4.0
Don't F**k with Cats: Hunting an Internet Killer,96129,SierraKiloBravo,6.0
Black Narcissus,110344,DanDare,
Mad Dog,74076,ParkMin,4.0
Inspector Ricciardi,116179,MovieGuys,8.0
Inspector Ricciardi,116179,MovieGuys,8.0
Belgravia,85862,narrator56,
Take Two,79928,lonegunman,8.0
Sanrio Boys,76140,Kogami,
The Good Karma Hospital,70112,narrator56,10.0
Curon,103849,MovieGuys,
The Shadow Line,37602,DanDare,7.0
The Shadow Line,37602,DanDare,7.0
